factory_id,date_measured,temp,humidity,pressure
1,2019-10-31,-10,68,1010
2,2019-10-31,-24,41,1022
3,2019-10-31,14,11,1036
4,2019-10-31,19,56,1034
5,2019-10-31,-3,8,1015
1,2019-11-01,19,75,1029
2,2019-11-01,-5,40,1023
3,2019-11-01,22,54,1036
4,2019-11-01,9,86,1020
5,2019-11-01,-6,67,1015
1,2019-11-02,-9,62,1040
2,2019-11-02,12,43,1038
3,2019-11-02,0,43,1038
4,2019-11-02,0,9,1039
5,2019-11-02,-8,62,1038
1,2019-11-03,11,10,1031
2,2019-11-03,-26,39,1040
3,2019-11-03,-4,67,1030
4,2019-11-03,10,58,1036
5,2019-11-03,3,28,1010
1,2019-11-04,-3,34,1032
2,2019-11-04,-19,51,1021
3,2019-11-04,1,9,1032
4,2019-11-04,7,21,1018
5,2019-11-04,18,19,1010
1,2019-11-05,-4,92,1030
2,2019-11-05,-2,2,1013
3,2019-11-05,24,25,1024
4,2019-11-05,30,27,1022
5,2019-11-05,-10,12,1024
1,2019-11-06,-3,58,1029
2,2019-11-06,-5,3,1033
3,2019-11-06,17,23,1023
4,2019-11-06,17,54,1015
5,2019-11-06,1,30,1028
1,2019-11-07,6,7,1010
2,2019-11-07,-22,52,1040
3,2019-11-07,9,14,1011
4,2019-11-07,13,19,1024
5,2019-11-07,3,14,1031
1,2019-11-08,16,57,1027
2,2019-11-08,-8,45,1016
3,2019-11-08,5,22,1040
4,2019-11-08,2,55,1038
5,2019-11-08,24,20,1028
1,2019-11-09,17,32,1032
2,2019-11-09,11,37,1023
3,2019-11-09,3,74,1031
4,2019-11-09,5,44,1027
5,2019-11-09,-8,60,1037
1,2019-11-10,-6,13,1040
2,2019-11-10,-22,53,1029
3,2019-11-10,21,2,1014
4,2019-11-10,17,26,1017
5,2019-11-10,23,75,1028
1,2019-11-11,18,39,1025
2,2019-11-11,-17,1,1015
3,2019-11-11,4,64,1030
4,2019-11-11,30,15,1034
5,2019-11-11,1,35,1026
1,2019-11-12,5,13,1020
2,2019-11-12,-5,27,1025
3,2019-11-12,11,43,1031
4,2019-11-12,27,89,1015
5,2019-11-12,21,73,1010
1,2019-11-13,-2,75,1015
2,2019-11-13,-22,17,1029
3,2019-11-13,6,10,1038
4,2019-11-13,28,39,1022
5,2019-11-13,11,76,1013
1,2019-11-14,-6,91,1027
2,2019-11-14,-13,21,1032
3,2019-11-14,10,69,1032
4,2019-11-14,7,15,1034
5,2019-11-14,1,98,1018
1,2019-11-15,25,78,1038
2,2019-11-15,-24,27,1036
3,2019-11-15,22,5,1040
4,2019-11-15,5,99,1011
5,2019-11-15,3,27,1032
1,2019-11-16,11,39,1013
2,2019-11-16,-27,18,1029
3,2019-11-16,7,33,1028
4,2019-11-16,4,99,1026
5,2019-11-16,13,20,1020
1,2019-11-17,23,85,1037
2,2019-11-17,-16,14,1015
3,2019-11-17,25,81,1024
4,2019-11-17,25,70,1040
5,2019-11-17,11,91,1037
1,2019-11-18,-4,65,1013
2,2019-11-18,-21,31,1035
3,2019-11-18,18,61,1038
4,2019-11-18,4,49,1012
5,2019-11-18,-1,45,1035
1,2019-11-19,8,60,1025
2,2019-11-19,-22,0,1010
3,2019-11-19,-1,37,1010
4,2019-11-19,25,57,1018
5,2019-11-19,7,67,1024
1,2019-11-20,-1,11,1027
2,2019-11-20,7,12,1023
3,2019-11-20,20,97,1019
4,2019-11-20,25,41,1016
5,2019-11-20,6,75,1039
1,2019-11-21,6,81,1020
2,2019-11-21,-11,57,1024
3,2019-11-21,13,27,1023
4,2019-11-21,4,13,1036
5,2019-11-21,-2,76,1024
1,2019-11-22,13,92,1016
2,2019-11-22,-17,18,1029
3,2019-11-22,-3,33,1039
4,2019-11-22,12,78,1023
5,2019-11-22,7,86,1019
1,2019-11-23,12,2,1035
2,2019-11-23,-16,26,1020
3,2019-11-23,5,78,1019
4,2019-11-23,21,28,1010
5,2019-11-23,17,75,1034
1,2019-11-24,5,100,1017
2,2019-11-24,4,41,1011
3,2019-11-24,13,51,1034
4,2019-11-24,16,5,1017
5,2019-11-24,23,96,1022
1,2019-11-25,-3,53,1034
2,2019-11-25,-26,60,1017
3,2019-11-25,-7,2,1040
4,2019-11-25,24,65,1022
5,2019-11-25,25,29,1026
1,2019-11-26,5,29,1011
2,2019-11-26,-10,8,1024
3,2019-11-26,-6,29,1038
4,2019-11-26,11,58,1019
5,2019-11-26,-8,48,1020
1,2019-11-27,-6,80,1035
2,2019-11-27,-1,47,1023
3,2019-11-27,-9,40,1037
4,2019-11-27,18,31,1032
5,2019-11-27,4,44,1012
1,2019-11-28,-2,67,1011
2,2019-11-28,-12,57,1038
3,2019-11-28,3,87,1023
4,2019-11-28,22,75,1014
5,2019-11-28,-7,82,1040
1,2019-11-29,1,26,1033
2,2019-11-29,13,40,1040
3,2019-11-29,2,90,1036
4,2019-11-29,11,19,1038
5,2019-11-29,1,82,1023
1,2019-11-30,2,14,1022
2,2019-11-30,-23,46,1032
3,2019-11-30,5,93,1016
4,2019-11-30,3,27,1032
5,2019-11-30,15,95,1037
1,2019-12-01,-10,89,1015
2,2019-12-01,-29,50,1035
3,2019-12-01,0,38,1021
4,2019-12-01,15,0,1012
5,2019-12-01,-6,24,1024
1,2019-12-02,12,65,1021
2,2019-12-02,-8,26,1034
3,2019-12-02,23,58,1021
4,2019-12-02,16,2,1022
5,2019-12-02,0,41,1030
1,2019-12-03,11,76,1038
2,2019-12-03,-31,18,1018
3,2019-12-03,10,58,1033
4,2019-12-03,8,18,1019
5,2019-12-03,9,20,1029
1,2019-12-04,13,54,1022
2,2019-12-04,7,52,1015
3,2019-12-04,5,62,1030
4,2019-12-04,8,27,1031
5,2019-12-04,17,74,1036
1,2019-12-05,9,65,1020
2,2019-12-05,-12,29,1031
3,2019-12-05,-7,76,1015
4,2019-12-05,22,94,1032
5,2019-12-05,15,11,1022
1,2019-12-06,-8,79,1031
2,2019-12-06,0,43,1025
3,2019-12-06,6,29,1027
4,2019-12-06,8,77,1023
5,2019-12-06,20,89,1029
1,2019-12-07,-9,20,1021
2,2019-12-07,-5,28,1021
3,2019-12-07,-2,6,1012
4,2019-12-07,22,59,1022
5,2019-12-07,-5,41,1035
1,2019-12-08,-9,40,1026
2,2019-12-08,-16,1,1021
3,2019-12-08,23,44,1026
4,2019-12-08,4,26,1022
5,2019-12-08,18,21,1032
1,2019-12-09,10,67,1015
2,2019-12-09,-24,14,1039
3,2019-12-09,-10,4,1010
4,2019-12-09,4,100,1031
5,2019-12-09,8,89,1027
1,2019-12-10,12,66,1026
2,2019-12-10,-25,58,1022
3,2019-12-10,-1,75,1014
4,2019-12-10,1,83,1010
5,2019-12-10,3,21,1020
1,2019-12-11,22,13,1030
2,2019-12-11,11,19,1020
3,2019-12-11,11,44,1030
4,2019-12-11,3,10,1024
5,2019-12-11,-6,13,1016
1,2019-12-12,21,27,1012
2,2019-12-12,-2,3,1040
3,2019-12-12,-2,6,1036
4,2019-12-12,7,75,1034
5,2019-12-12,-10,33,1036
1,2019-12-13,10,74,1013
2,2019-12-13,-1,45,1024
3,2019-12-13,24,89,1013
4,2019-12-13,11,9,1038
5,2019-12-13,22,22,1036
1,2019-12-14,17,34,1035
2,2019-12-14,8,55,1033
3,2019-12-14,1,97,1026
4,2019-12-14,23,62,1011
5,2019-12-14,0,19,1038
1,2019-12-15,19,57,1030
2,2019-12-15,-18,41,1039
3,2019-12-15,-4,35,1011
4,2019-12-15,10,33,1021
5,2019-12-15,12,20,1040
1,2019-12-16,-1,32,1019
2,2019-12-16,-9,35,1024
3,2019-12-16,24,100,1025
4,2019-12-16,13,86,1035
5,2019-12-16,7,44,1015
1,2019-12-17,11,23,1039
2,2019-12-17,-8,22,1026
3,2019-12-17,20,36,1014
4,2019-12-17,27,58,1015
5,2019-12-17,14,83,1023
1,2019-12-18,21,39,1038
2,2019-12-18,-18,5,1024
3,2019-12-18,18,31,1033
4,2019-12-18,13,43,1016
5,2019-12-18,-8,63,1019
1,2019-12-19,-6,2,1034
2,2019-12-19,2,10,1021
3,2019-12-19,-8,64,1032
4,2019-12-19,1,9,1038
5,2019-12-19,22,81,1019
1,2019-12-20,-1,27,1014
2,2019-12-20,-1,12,1026
3,2019-12-20,13,47,1021
4,2019-12-20,3,15,1035
5,2019-12-20,24,36,1033
1,2019-12-21,23,66,1018
2,2019-12-21,-33,48,1010
3,2019-12-21,16,43,1015
4,2019-12-21,9,63,1023
5,2019-12-21,9,27,1021
1,2019-12-22,18,64,1016
2,2019-12-22,0,22,1030
3,2019-12-22,-2,10,1012
4,2019-12-22,26,44,1010
5,2019-12-22,-5,49,1015
1,2019-12-23,14,47,1025
2,2019-12-23,-4,56,1018
3,2019-12-23,19,57,1035
4,2019-12-23,30,36,1040
5,2019-12-23,-4,61,1030
1,2019-12-24,0,59,1030
2,2019-12-24,0,3,1039
3,2019-12-24,-10,78,1013
4,2019-12-24,25,23,1020
5,2019-12-24,25,19,1023
1,2019-12-25,-3,48,1029
2,2019-12-25,-33,49,1037
3,2019-12-25,-8,74,1027
4,2019-12-25,26,72,1028
5,2019-12-25,14,23,1020
1,2019-12-26,15,13,1019
2,2019-12-26,-14,38,1035
3,2019-12-26,-5,63,1018
4,2019-12-26,16,4,1019
5,2019-12-26,-3,22,1028
1,2019-12-27,-4,70,1011
2,2019-12-27,-16,42,1025
3,2019-12-27,17,92,1033
4,2019-12-27,14,41,1038
5,2019-12-27,14,44,1039
1,2019-12-28,-1,21,1015
2,2019-12-28,-15,24,1039
3,2019-12-28,-9,0,1037
4,2019-12-28,30,87,1021
5,2019-12-28,-2,81,1023
1,2019-12-29,-3,49,1026
2,2019-12-29,-22,0,1034
3,2019-12-29,-2,38,1028
4,2019-12-29,22,73,1020
5,2019-12-29,18,56,1029
1,2019-12-30,21,62,1038
2,2019-12-30,0,46,1022
3,2019-12-30,10,31,1039
4,2019-12-30,1,21,1017
5,2019-12-30,-7,30,1029
1,2019-12-31,25,91,1014
2,2019-12-31,2,2,1033
3,2019-12-31,10,23,1032
4,2019-12-31,7,14,1019
5,2019-12-31,17,53,1031
1,2020-01-01,13,10,1037
2,2020-01-01,-27,50,1037
3,2020-01-01,19,51,1027
4,2020-01-01,1,75,1035
5,2020-01-01,-1,79,1033
1,2020-01-02,-6,9,1012
2,2020-01-02,-24,50,1023
3,2020-01-02,25,77,1014
4,2020-01-02,4,23,1037
5,2020-01-02,16,8,1018
1,2020-01-03,4,24,1022
2,2020-01-03,-15,4,1025
3,2020-01-03,-5,72,1034
4,2020-01-03,22,15,1012
5,2020-01-03,2,32,1031
1,2020-01-04,16,44,1029
2,2020-01-04,-29,29,1024
3,2020-01-04,4,75,1021
4,2020-01-04,24,18,1029
5,2020-01-04,-4,100,1025
1,2020-01-05,16,12,1013
2,2020-01-05,1,39,1034
3,2020-01-05,20,6,1036
4,2020-01-05,6,56,1034
5,2020-01-05,-3,27,1025
1,2020-01-06,11,51,1021
2,2020-01-06,-1,17,1040
3,2020-01-06,4,22,1018
4,2020-01-06,26,68,1036
5,2020-01-06,15,14,1037
1,2020-01-07,-4,98,1020
2,2020-01-07,-29,23,1015
3,2020-01-07,25,17,1033
4,2020-01-07,28,70,1031
5,2020-01-07,-1,54,1016
1,2020-01-08,20,8,1031
2,2020-01-08,11,54,1027
3,2020-01-08,-2,99,1023
4,2020-01-08,4,94,1026
5,2020-01-08,-9,9,1019
1,2020-01-09,7,93,1032
2,2020-01-09,1,49,1017
3,2020-01-09,23,89,1020
4,2020-01-09,24,79,1014
5,2020-01-09,-10,16,1021
1,2020-01-10,12,91,1022
2,2020-01-10,-13,29,1030
3,2020-01-10,25,53,1029
4,2020-01-10,21,35,1024
5,2020-01-10,3,83,1010
1,2020-01-11,19,86,1019
2,2020-01-11,-24,28,1013
3,2020-01-11,-9,55,1028
4,2020-01-11,6,44,1016
5,2020-01-11,25,10,1019
1,2020-01-12,7,45,1029
2,2020-01-12,-9,30,1031
3,2020-01-12,14,49,1012
4,2020-01-12,10,59,1038
5,2020-01-12,25,82,1029
1,2020-01-13,13,57,1022
2,2020-01-13,-35,14,1030
3,2020-01-13,-8,17,1037
4,2020-01-13,20,99,1014
5,2020-01-13,13,42,1013
1,2020-01-14,15,33,1037
2,2020-01-14,-20,20,1036
3,2020-01-14,0,18,1024
4,2020-01-14,2,45,1022
5,2020-01-14,-4,57,1015
1,2020-01-15,13,94,1024
2,2020-01-15,13,48,1017
3,2020-01-15,3,98,1033
4,2020-01-15,7,52,1036
5,2020-01-15,5,52,1039
1,2020-01-16,-10,15,1034
2,2020-01-16,-13,21,1016
3,2020-01-16,5,46,1027
4,2020-01-16,5,98,1040
5,2020-01-16,4,43,1016
1,2020-01-17,20,35,1013
2,2020-01-17,-18,36,1021
3,2020-01-17,25,33,1013
4,2020-01-17,1,42,1025
5,2020-01-17,-9,4,1015
1,2020-01-18,11,17,1034
2,2020-01-18,-33,1,1016
3,2020-01-18,16,66,1021
4,2020-01-18,18,18,1029
5,2020-01-18,10,60,1038
1,2020-01-19,-9,41,1023
2,2020-01-19,13,20,1012
3,2020-01-19,15,70,1020
4,2020-01-19,5,71,1030
5,2020-01-19,25,30,1035
1,2020-01-20,-3,42,1020
2,2020-01-20,-3,38,1038
3,2020-01-20,20,19,1038
4,2020-01-20,10,80,1032
5,2020-01-20,25,10,1025
1,2020-01-21,-3,88,1030
2,2020-01-21,-18,27,1024
3,2020-01-21,4,30,1019
4,2020-01-21,29,6,1020
5,2020-01-21,18,31,1012
1,2020-01-22,24,40,1027
2,2020-01-22,5,26,1021
3,2020-01-22,14,72,1031
4,2020-01-22,19,7,1026
5,2020-01-22,4,26,1032
1,2020-01-23,3,59,1031
2,2020-01-23,-15,42,1030
3,2020-01-23,2,4,1015
4,2020-01-23,18,89,1039
5,2020-01-23,24,62,1035
1,2020-01-24,10,100,1013
2,2020-01-24,5,45,1024
3,2020-01-24,15,25,1025
4,2020-01-24,27,86,1031
5,2020-01-24,13,24,1021
1,2020-01-25,4,13,1022
2,2020-01-25,-18,31,1016
3,2020-01-25,-8,80,1034
4,2020-01-25,20,78,1029
5,2020-01-25,10,27,1015
1,2020-01-26,20,14,1036
2,2020-01-26,-31,55,1019
3,2020-01-26,9,54,1017
4,2020-01-26,24,93,1036
5,2020-01-26,-1,91,1021
1,2020-01-27,6,34,1020
2,2020-01-27,-13,0,1012
3,2020-01-27,10,81,1039
4,2020-01-27,18,70,1033
5,2020-01-27,25,19,1023
1,2020-01-28,19,5,1019
2,2020-01-28,-31,16,1012
3,2020-01-28,-6,71,1035
4,2020-01-28,26,43,1027
5,2020-01-28,9,19,1021
1,2020-01-29,19,12,1035
2,2020-01-29,-19,52,1025
3,2020-01-29,19,88,1030
4,2020-01-29,7,70,1014
5,2020-01-29,4,32,1026
1,2020-01-30,25,68,1033
2,2020-01-30,14,49,1011
3,2020-01-30,11,84,1037
4,2020-01-30,28,61,1020
5,2020-01-30,-8,14,1038
1,2020-01-31,13,44,1039
2,2020-01-31,-23,34,1037
3,2020-01-31,17,55,1027
4,2020-01-31,11,1,1025
5,2020-01-31,25,4,1034
1,2020-02-01,4,91,1023
2,2020-02-01,-6,10,1016
3,2020-02-01,10,80,1012
4,2020-02-01,18,18,1038
5,2020-02-01,13,21,1016
1,2020-02-02,18,77,1039
2,2020-02-02,-19,19,1018
3,2020-02-02,1,73,1032
4,2020-02-02,29,24,1024
5,2020-02-02,-3,9,1027
1,2020-02-03,8,52,1032
2,2020-02-03,-31,60,1021
3,2020-02-03,11,28,1039
4,2020-02-03,14,21,1017
5,2020-02-03,9,96,1031
1,2020-02-04,5,71,1030
2,2020-02-04,-23,17,1012
3,2020-02-04,24,40,1010
4,2020-02-04,7,92,1024
5,2020-02-04,19,91,1021
1,2020-02-05,12,9,1026
2,2020-02-05,-5,37,1022
3,2020-02-05,11,18,1018
4,2020-02-05,18,0,1020
5,2020-02-05,21,73,1031
1,2020-02-06,9,71,1015
2,2020-02-06,-5,35,1021
3,2020-02-06,23,50,1027
4,2020-02-06,29,21,1025
5,2020-02-06,3,58,1025
1,2020-02-07,-4,99,1036
2,2020-02-07,-32,53,1021
3,2020-02-07,12,6,1012
4,2020-02-07,1,18,1017
5,2020-02-07,17,27,1037
1,2020-02-08,-10,35,1035
2,2020-02-08,-30,47,1027
3,2020-02-08,8,34,1018
4,2020-02-08,26,25,1010
5,2020-02-08,13,2,1034
1,2020-02-09,10,75,1033
2,2020-02-09,-22,52,1031
3,2020-02-09,-8,7,1027
4,2020-02-09,9,69,1026
5,2020-02-09,5,78,1035
1,2020-02-10,-2,46,1033
2,2020-02-10,11,8,1028
3,2020-02-10,7,66,1011
4,2020-02-10,22,95,1017
5,2020-02-10,18,45,1038
1,2020-02-11,13,86,1024
2,2020-02-11,-17,54,1022
3,2020-02-11,17,60,1039
4,2020-02-11,26,99,1032
5,2020-02-11,-7,77,1038
1,2020-02-12,3,93,1025
2,2020-02-12,13,9,1029
3,2020-02-12,-9,22,1040
4,2020-02-12,1,53,1013
5,2020-02-12,17,66,1018
1,2020-02-13,13,49,1031
2,2020-02-13,-29,40,1037
3,2020-02-13,16,23,1026
4,2020-02-13,26,37,1033
5,2020-02-13,13,55,1024
1,2020-02-14,20,44,1024
2,2020-02-14,-2,7,1031
3,2020-02-14,-4,48,1025
4,2020-02-14,24,67,1028
5,2020-02-14,0,71,1029
1,2020-02-15,16,64,1021
2,2020-02-15,6,11,1028
3,2020-02-15,7,97,1036
4,2020-02-15,5,23,1027
5,2020-02-15,10,87,1025
1,2020-02-16,-9,30,1038
2,2020-02-16,-13,50,1040
3,2020-02-16,4,48,1033
4,2020-02-16,14,21,1021
5,2020-02-16,23,92,1013
1,2020-02-17,3,9,1033
2,2020-02-17,7,29,1036
3,2020-02-17,0,3,1011
4,2020-02-17,19,46,1029
5,2020-02-17,-5,9,1013
1,2020-02-18,20,95,1017
2,2020-02-18,-12,10,1040
3,2020-02-18,9,0,1030
4,2020-02-18,2,77,1028
5,2020-02-18,4,76,1030
1,2020-02-19,21,6,1033
2,2020-02-19,-25,40,1035
3,2020-02-19,19,13,1013
4,2020-02-19,30,22,1035
5,2020-02-19,-4,41,1024
1,2020-02-20,-2,60,1033
2,2020-02-20,-30,37,1032
3,2020-02-20,15,25,1011
4,2020-02-20,24,20,1032
5,2020-02-20,19,97,1033
1,2020-02-21,-8,83,1019
2,2020-02-21,-25,44,1016
3,2020-02-21,25,63,1012
4,2020-02-21,17,95,1034
5,2020-02-21,-10,45,1015
1,2020-02-22,8,64,1034
2,2020-02-22,1,54,1018
3,2020-02-22,8,76,1033
4,2020-02-22,29,65,1016
5,2020-02-22,-4,58,1016
1,2020-02-23,2,4,1025
2,2020-02-23,12,44,1037
3,2020-02-23,3,57,1036
4,2020-02-23,5,52,1015
5,2020-02-23,-7,2,1018
1,2020-02-24,15,98,1032
2,2020-02-24,-35,9,1028
3,2020-02-24,24,31,1033
4,2020-02-24,22,38,1014
5,2020-02-24,10,18,1019
1,2020-02-25,23,67,1040
2,2020-02-25,-6,15,1017
3,2020-02-25,24,80,1037
4,2020-02-25,28,13,1034
5,2020-02-25,15,99,1023
1,2020-02-26,-6,56,1020
2,2020-02-26,-17,12,1013
3,2020-02-26,15,26,1020
4,2020-02-26,8,73,1018
5,2020-02-26,-7,1,1031
1,2020-02-27,-9,47,1010
2,2020-02-27,-21,6,1024
3,2020-02-27,3,46,1015
4,2020-02-27,30,12,1029
5,2020-02-27,24,88,1026
1,2020-02-28,-4,96,1040
2,2020-02-28,13,10,1023
3,2020-02-28,-2,71,1021
4,2020-02-28,25,32,1025
5,2020-02-28,17,84,1024
1,2020-02-29,-9,87,1016
2,2020-02-29,1,42,1033
3,2020-02-29,0,99,1024
4,2020-02-29,7,75,1029
5,2020-02-29,15,3,1021
1,2020-03-01,-7,53,1040
2,2020-03-01,7,46,1040
3,2020-03-01,-4,43,1026
4,2020-03-01,20,52,1028
5,2020-03-01,17,95,1017
1,2020-03-02,0,8,1021
2,2020-03-02,6,33,1018
3,2020-03-02,24,28,1021
4,2020-03-02,7,42,1031
5,2020-03-02,-5,68,1028
1,2020-03-03,2,2,1034
2,2020-03-03,-26,17,1019
3,2020-03-03,-5,94,1024
4,2020-03-03,29,50,1018
5,2020-03-03,24,40,1017
1,2020-03-04,13,70,1022
2,2020-03-04,-12,41,1030
3,2020-03-04,3,94,1034
4,2020-03-04,19,94,1011
5,2020-03-04,20,46,1021
1,2020-03-05,-6,47,1023
2,2020-03-05,-9,52,1024
3,2020-03-05,19,8,1035
4,2020-03-05,14,45,1034
5,2020-03-05,-1,58,1024
1,2020-03-06,25,78,1018
2,2020-03-06,0,1,1025
3,2020-03-06,9,82,1021
4,2020-03-06,23,77,1036
5,2020-03-06,15,69,1012
1,2020-03-07,-3,99,1011
2,2020-03-07,9,19,1018
3,2020-03-07,-5,57,1028
4,2020-03-07,25,68,1023
5,2020-03-07,2,38,1020
1,2020-03-08,24,54,1010
2,2020-03-08,-17,22,1024
3,2020-03-08,6,26,1011
4,2020-03-08,13,24,1021
5,2020-03-08,22,68,1039
1,2020-03-09,11,15,1020
2,2020-03-09,14,59,1031
3,2020-03-09,19,79,1013
4,2020-03-09,17,90,1040
5,2020-03-09,10,10,1029
1,2020-03-10,-10,52,1040
2,2020-03-10,3,29,1011
3,2020-03-10,21,88,1031
4,2020-03-10,12,57,1031
5,2020-03-10,-5,89,1028
1,2020-03-11,13,88,1038
2,2020-03-11,-34,31,1014
3,2020-03-11,22,71,1018
4,2020-03-11,16,23,1011
5,2020-03-11,-4,31,1031
1,2020-03-12,0,92,1021
2,2020-03-12,14,26,1016
3,2020-03-12,7,36,1010
4,2020-03-12,30,1,1022
5,2020-03-12,23,7,1027
1,2020-03-13,16,84,1026
2,2020-03-13,-18,31,1011
3,2020-03-13,-5,73,1016
4,2020-03-13,15,47,1011
5,2020-03-13,-2,23,1018
1,2020-03-14,7,85,1031
2,2020-03-14,11,21,1025
3,2020-03-14,14,18,1038
4,2020-03-14,16,72,1034
5,2020-03-14,-4,49,1022
1,2020-03-15,-6,96,1014
2,2020-03-15,-5,7,1040
3,2020-03-15,23,69,1038
4,2020-03-15,19,58,1012
5,2020-03-15,7,67,1040
1,2020-03-16,1,32,1011
2,2020-03-16,-31,8,1034
3,2020-03-16,23,86,1022
4,2020-03-16,20,95,1027
5,2020-03-16,23,93,1015
1,2020-03-17,16,30,1023
2,2020-03-17,-35,45,1022
3,2020-03-17,2,15,1031
4,2020-03-17,6,19,1018
5,2020-03-17,-8,82,1025
1,2020-03-18,8,43,1015
2,2020-03-18,12,43,1025
3,2020-03-18,9,85,1037
4,2020-03-18,12,97,1025
5,2020-03-18,-5,25,1022
1,2020-03-19,23,68,1022
2,2020-03-19,4,50,1017
3,2020-03-19,-2,3,1031
4,2020-03-19,26,87,1021
5,2020-03-19,-5,25,1020
1,2020-03-20,4,50,1020
2,2020-03-20,13,42,1027
3,2020-03-20,-8,91,1033
4,2020-03-20,13,74,1021
5,2020-03-20,-6,80,1022
1,2020-03-21,-1,67,1014
2,2020-03-21,-1,32,1025
3,2020-03-21,4,70,1032
4,2020-03-21,30,4,1017
5,2020-03-21,15,71,1036
1,2020-03-22,21,32,1011
2,2020-03-22,-34,14,1030
3,2020-03-22,-1,50,1019
4,2020-03-22,20,35,1024
5,2020-03-22,-5,7,1017
1,2020-03-23,-4,26,1020
2,2020-03-23,0,26,1029
3,2020-03-23,21,84,1030
4,2020-03-23,13,84,1012
5,2020-03-23,23,48,1016
1,2020-03-24,25,57,1036
2,2020-03-24,-33,13,1024
3,2020-03-24,12,2,1022
4,2020-03-24,17,30,1017
5,2020-03-24,11,17,1033
1,2020-03-25,0,100,1028
2,2020-03-25,4,22,1039
3,2020-03-25,-7,4,1024
4,2020-03-25,28,95,1036
5,2020-03-25,0,74,1028
1,2020-03-26,2,1,1025
2,2020-03-26,-15,45,1017
3,2020-03-26,9,61,1025
4,2020-03-26,0,76,1026
5,2020-03-26,5,96,1037
1,2020-03-27,0,1,1034
2,2020-03-27,-19,11,1040
3,2020-03-27,6,3,1021
4,2020-03-27,14,71,1040
5,2020-03-27,-9,8,1027
1,2020-03-28,10,81,1019
2,2020-03-28,-25,19,1010
3,2020-03-28,15,60,1011
4,2020-03-28,21,48,1035
5,2020-03-28,4,75,1013
1,2020-03-29,13,100,1035
2,2020-03-29,-16,8,1034
3,2020-03-29,-7,43,1034
4,2020-03-29,0,49,1040
5,2020-03-29,23,43,1033
1,2020-03-30,9,72,1023
2,2020-03-30,10,5,1029
3,2020-03-30,8,17,1035
4,2020-03-30,7,70,1026
5,2020-03-30,0,60,1012
1,2020-03-31,-6,87,1032
2,2020-03-31,-19,28,1027
3,2020-03-31,-4,37,1016
4,2020-03-31,19,73,1026
5,2020-03-31,9,41,1038
1,2020-04-01,24,56,1027
2,2020-04-01,-9,50,1014
3,2020-04-01,0,97,1025
4,2020-04-01,25,58,1027
5,2020-04-01,16,90,1037
1,2020-04-02,-7,38,1012
2,2020-04-02,-29,28,1029
3,2020-04-02,4,33,1021
4,2020-04-02,22,83,1026
5,2020-04-02,-3,63,1030
1,2020-04-03,16,32,1039
2,2020-04-03,9,53,1036
3,2020-04-03,18,74,1029
4,2020-04-03,29,39,1016
5,2020-04-03,17,23,1025
1,2020-04-04,22,30,1017
2,2020-04-04,-17,24,1038
3,2020-04-04,25,10,1029
4,2020-04-04,3,45,1036
5,2020-04-04,9,25,1039
1,2020-04-05,14,32,1023
2,2020-04-05,-6,25,1028
3,2020-04-05,-1,1,1021
4,2020-04-05,30,87,1025
5,2020-04-05,25,54,1010
1,2020-04-06,17,30,1036
2,2020-04-06,8,12,1028
3,2020-04-06,16,14,1021
4,2020-04-06,29,60,1017
5,2020-04-06,-9,4,1031
1,2020-04-07,11,79,1010
2,2020-04-07,-22,59,1034
3,2020-04-07,-5,3,1038
4,2020-04-07,23,23,1023
5,2020-04-07,17,61,1032
1,2020-04-08,16,32,1015
2,2020-04-08,-33,24,1036
3,2020-04-08,14,50,1012
4,2020-04-08,30,93,1029
5,2020-04-08,5,63,1032
1,2020-04-09,8,87,1038
2,2020-04-09,-27,50,1016
3,2020-04-09,-1,86,1023
4,2020-04-09,9,58,1038
5,2020-04-09,12,13,1022
1,2020-04-10,4,21,1022
2,2020-04-10,-23,58,1021
3,2020-04-10,-7,84,1016
4,2020-04-10,10,26,1021
5,2020-04-10,14,94,1037
1,2020-04-11,1,51,1012
2,2020-04-11,10,39,1021
3,2020-04-11,-6,51,1029
4,2020-04-11,26,11,1040
5,2020-04-11,9,24,1027
1,2020-04-12,23,43,1013
2,2020-04-12,1,57,1014
3,2020-04-12,13,42,1036
4,2020-04-12,9,72,1037
5,2020-04-12,5,42,1019
1,2020-04-13,-4,80,1038
2,2020-04-13,-14,6,1021
3,2020-04-13,-1,53,1013
4,2020-04-13,4,61,1014
5,2020-04-13,1,32,1029
1,2020-04-14,-6,49,1040
2,2020-04-14,-5,37,1035
3,2020-04-14,-4,62,1027
4,2020-04-14,26,72,1017
5,2020-04-14,19,48,1024
1,2020-04-15,19,38,1040
2,2020-04-15,-21,51,1025
3,2020-04-15,8,56,1026
4,2020-04-15,21,77,1012
5,2020-04-15,21,95,1031
1,2020-04-16,19,58,1040
2,2020-04-16,6,18,1023
3,2020-04-16,-2,64,1020
4,2020-04-16,12,55,1031
5,2020-04-16,17,27,1035
1,2020-04-17,8,48,1017
2,2020-04-17,5,38,1025
3,2020-04-17,1,1,1027
4,2020-04-17,10,12,1022
5,2020-04-17,16,22,1036
1,2020-04-18,5,75,1031
2,2020-04-18,-18,38,1032
3,2020-04-18,12,27,1015
4,2020-04-18,18,6,1037
5,2020-04-18,6,15,1026
1,2020-04-19,11,50,1021
2,2020-04-19,12,2,1012
3,2020-04-19,17,8,1015
4,2020-04-19,4,25,1038
5,2020-04-19,20,14,1018
1,2020-04-20,-2,89,1040
2,2020-04-20,-26,17,1025
3,2020-04-20,-7,42,1010
4,2020-04-20,28,47,1039
5,2020-04-20,22,74,1026
1,2020-04-21,-5,47,1039
2,2020-04-21,-34,28,1016
3,2020-04-21,22,34,1025
4,2020-04-21,8,64,1031
5,2020-04-21,-1,55,1034
1,2020-04-22,14,68,1028
2,2020-04-22,-6,33,1020
3,2020-04-22,-6,63,1021
4,2020-04-22,15,56,1030
5,2020-04-22,20,67,1014
1,2020-04-23,7,95,1012
2,2020-04-23,0,54,1015
3,2020-04-23,-1,73,1032
4,2020-04-23,29,60,1033
5,2020-04-23,10,76,1016
1,2020-04-24,1,15,1037
2,2020-04-24,-7,18,1015
3,2020-04-24,24,25,1038
4,2020-04-24,14,50,1040
5,2020-04-24,6,43,1040
1,2020-04-25,4,97,1026
2,2020-04-25,12,24,1036
3,2020-04-25,-8,70,1015
4,2020-04-25,7,84,1028
5,2020-04-25,14,77,1022
1,2020-04-26,9,38,1022
2,2020-04-26,8,44,1020
3,2020-04-26,0,92,1039
4,2020-04-26,9,43,1037
5,2020-04-26,2,12,1028
1,2020-04-27,-6,65,1015
2,2020-04-27,-29,0,1014
3,2020-04-27,24,32,1010
4,2020-04-27,21,53,1022
5,2020-04-27,-5,28,1011
1,2020-04-28,12,31,1015
2,2020-04-28,13,13,1029
3,2020-04-28,18,79,1019
4,2020-04-28,4,29,1037
5,2020-04-28,22,35,1016
1,2020-04-29,6,51,1021
2,2020-04-29,12,32,1013
3,2020-04-29,15,96,1031
4,2020-04-29,19,75,1032
5,2020-04-29,25,43,1014
1,2020-04-30,9,88,1038
2,2020-04-30,-13,31,1010
3,2020-04-30,12,45,1031
4,2020-04-30,30,9,1039
5,2020-04-30,-2,39,1025
1,2020-05-01,-1,90,1020
2,2020-05-01,-15,49,1037
3,2020-05-01,-9,89,1040
4,2020-05-01,26,24,1014
5,2020-05-01,-6,39,1037
1,2020-05-02,-8,90,1025
2,2020-05-02,-24,58,1035
3,2020-05-02,14,13,1021
4,2020-05-02,5,73,1018
5,2020-05-02,18,63,1011
1,2020-05-03,15,75,1023
2,2020-05-03,-8,57,1030
3,2020-05-03,15,58,1021
4,2020-05-03,7,73,1024
5,2020-05-03,8,73,1031
1,2020-05-04,18,72,1020
2,2020-05-04,6,12,1018
3,2020-05-04,20,52,1021
4,2020-05-04,9,45,1025
5,2020-05-04,21,26,1028
1,2020-05-05,7,98,1011
2,2020-05-05,-30,44,1027
3,2020-05-05,-1,65,1030
4,2020-05-05,18,56,1012
5,2020-05-05,-1,75,1018
1,2020-05-06,2,80,1017
2,2020-05-06,-30,12,1029
3,2020-05-06,23,78,1014
4,2020-05-06,23,85,1038
5,2020-05-06,22,19,1024
1,2020-05-07,1,42,1023
2,2020-05-07,-23,53,1039
3,2020-05-07,-2,17,1023
4,2020-05-07,9,86,1028
5,2020-05-07,7,24,1013
1,2020-05-08,-6,9,1015
2,2020-05-08,-20,51,1011
3,2020-05-08,-2,58,1036
4,2020-05-08,12,48,1023
5,2020-05-08,3,81,1016
1,2020-05-09,15,84,1014
2,2020-05-09,-25,9,1012
3,2020-05-09,9,29,1017
4,2020-05-09,22,13,1013
5,2020-05-09,1,78,1031
1,2020-05-10,9,6,1029
2,2020-05-10,-17,51,1027
3,2020-05-10,21,55,1030
4,2020-05-10,28,35,1018
5,2020-05-10,15,100,1040
1,2020-05-11,22,29,1012
2,2020-05-11,0,60,1013
3,2020-05-11,0,76,1032
4,2020-05-11,14,5,1013
5,2020-05-11,21,23,1038
1,2020-05-12,16,37,1015
2,2020-05-12,15,14,1011
3,2020-05-12,20,59,1033
4,2020-05-12,0,100,1018
5,2020-05-12,21,55,1031
1,2020-05-13,16,52,1012
2,2020-05-13,8,36,1025
3,2020-05-13,19,67,1017
4,2020-05-13,11,84,1034
5,2020-05-13,-5,6,1033
1,2020-05-14,14,96,1031
2,2020-05-14,-23,58,1019
3,2020-05-14,21,49,1015
4,2020-05-14,15,95,1010
5,2020-05-14,19,10,1034
1,2020-05-15,19,60,1034
2,2020-05-15,8,25,1020
3,2020-05-15,-9,96,1023
4,2020-05-15,10,45,1013
5,2020-05-15,24,83,1035
1,2020-05-16,1,13,1040
2,2020-05-16,7,2,1036
3,2020-05-16,-9,53,1013
4,2020-05-16,25,60,1026
5,2020-05-16,3,82,1025
1,2020-05-17,-5,79,1025
2,2020-05-17,-3,2,1025
3,2020-05-17,25,14,1039
4,2020-05-17,26,94,1034
5,2020-05-17,6,15,1031
1,2020-05-18,10,19,1020
2,2020-05-18,-15,28,1016
3,2020-05-18,21,95,1038
4,2020-05-18,9,100,1024
5,2020-05-18,8,9,1033
1,2020-05-19,23,50,1040
2,2020-05-19,-28,59,1024
3,2020-05-19,-4,74,1016
4,2020-05-19,9,85,1016
5,2020-05-19,8,27,1030
1,2020-05-20,18,87,1025
2,2020-05-20,-11,18,1021
3,2020-05-20,-2,69,1017
4,2020-05-20,7,2,1012
5,2020-05-20,12,64,1011
1,2020-05-21,22,62,1029
2,2020-05-21,-1,56,1018
3,2020-05-21,8,22,1034
4,2020-05-21,21,66,1023
5,2020-05-21,16,70,1035
1,2020-05-22,-8,3,1023
2,2020-05-22,11,51,1033
3,2020-05-22,15,92,1023
4,2020-05-22,17,10,1014
5,2020-05-22,22,24,1024
1,2020-05-23,5,100,1011
2,2020-05-23,5,21,1012
3,2020-05-23,13,40,1026
4,2020-05-23,13,8,1032
5,2020-05-23,18,94,1034
1,2020-05-24,15,26,1026
2,2020-05-24,4,45,1021
3,2020-05-24,10,88,1026
4,2020-05-24,0,89,1011
5,2020-05-24,-3,55,1019
1,2020-05-25,15,16,1025
2,2020-05-25,-13,2,1038
3,2020-05-25,4,89,1024
4,2020-05-25,5,93,1037
5,2020-05-25,-3,57,1012
1,2020-05-26,17,5,1017
2,2020-05-26,-14,27,1024
3,2020-05-26,22,48,1019
4,2020-05-26,6,88,1024
5,2020-05-26,21,40,1021
1,2020-05-27,19,33,1026
2,2020-05-27,-4,2,1040
3,2020-05-27,23,94,1020
4,2020-05-27,27,34,1025
5,2020-05-27,9,5,1023
1,2020-05-28,19,66,1013
2,2020-05-28,8,44,1040
3,2020-05-28,8,23,1012
4,2020-05-28,2,73,1037
5,2020-05-28,21,81,1032
1,2020-05-29,24,85,1028
2,2020-05-29,-30,20,1017
3,2020-05-29,-9,41,1020
4,2020-05-29,4,34,1028
5,2020-05-29,5,70,1012
1,2020-05-30,4,95,1030
2,2020-05-30,6,16,1030
3,2020-05-30,20,66,1020
4,2020-05-30,3,64,1033
5,2020-05-30,-6,24,1027
1,2020-05-31,-10,75,1037
2,2020-05-31,-9,5,1037
3,2020-05-31,-4,56,1025
4,2020-05-31,26,82,1011
5,2020-05-31,-8,81,1038
1,2020-06-01,10,66,1027
2,2020-06-01,-10,56,1030
3,2020-06-01,23,71,1024
4,2020-06-01,15,78,1014
5,2020-06-01,21,74,1035
1,2020-06-02,-9,72,1039
2,2020-06-02,-27,28,1038
3,2020-06-02,17,12,1040
4,2020-06-02,0,22,1030
5,2020-06-02,14,95,1037
1,2020-06-03,6,81,1026
2,2020-06-03,-19,30,1021
3,2020-06-03,-6,30,1014
4,2020-06-03,21,89,1024
5,2020-06-03,-7,62,1029
1,2020-06-04,-10,65,1033
2,2020-06-04,-31,48,1035
3,2020-06-04,-2,21,1012
4,2020-06-04,14,70,1010
5,2020-06-04,-3,15,1026
1,2020-06-05,-2,22,1033
2,2020-06-05,-7,0,1027
3,2020-06-05,14,17,1040
4,2020-06-05,26,96,1034
5,2020-06-05,18,79,1038
1,2020-06-06,6,32,1021
2,2020-06-06,11,8,1033
3,2020-06-06,20,75,1018
4,2020-06-06,15,73,1028
5,2020-06-06,-2,94,1023
1,2020-06-07,0,80,1024
2,2020-06-07,-3,22,1027
3,2020-06-07,22,36,1024
4,2020-06-07,24,23,1027
5,2020-06-07,18,98,1012
1,2020-06-08,10,46,1024
2,2020-06-08,14,10,1025
3,2020-06-08,-1,81,1017
4,2020-06-08,3,62,1012
5,2020-06-08,-4,77,1029
1,2020-06-09,0,0,1023
2,2020-06-09,-23,34,1036
3,2020-06-09,-10,55,1032
4,2020-06-09,22,30,1028
5,2020-06-09,-8,19,1016
1,2020-06-10,12,73,1028
2,2020-06-10,7,35,1039
3,2020-06-10,25,72,1027
4,2020-06-10,1,73,1031
5,2020-06-10,-9,84,1019
1,2020-06-11,-1,11,1026
2,2020-06-11,-19,44,1014
3,2020-06-11,24,97,1010
4,2020-06-11,8,88,1040
5,2020-06-11,-7,87,1024
1,2020-06-12,-2,58,1026
2,2020-06-12,15,4,1035
3,2020-06-12,3,62,1024
4,2020-06-12,17,47,1018
5,2020-06-12,23,48,1027
1,2020-06-13,24,74,1036
2,2020-06-13,13,38,1020
3,2020-06-13,21,55,1031
4,2020-06-13,27,74,1027
5,2020-06-13,-1,17,1022
1,2020-06-14,22,32,1016
2,2020-06-14,-13,7,1017
3,2020-06-14,16,3,1040
4,2020-06-14,15,59,1031
5,2020-06-14,9,97,1029
1,2020-06-15,-5,7,1035
2,2020-06-15,-33,58,1023
3,2020-06-15,13,85,1027
4,2020-06-15,26,31,1018
5,2020-06-15,14,87,1025
1,2020-06-16,-6,34,1021
2,2020-06-16,-16,32,1028
3,2020-06-16,22,71,1026
4,2020-06-16,29,15,1025
5,2020-06-16,11,35,1025
1,2020-06-17,6,18,1026
2,2020-06-17,-11,46,1021
3,2020-06-17,20,93,1028
4,2020-06-17,24,73,1019
5,2020-06-17,6,47,1011
1,2020-06-18,2,23,1026
2,2020-06-18,9,37,1015
3,2020-06-18,0,59,1025
4,2020-06-18,1,78,1017
5,2020-06-18,11,40,1030
1,2020-06-19,-3,28,1022
2,2020-06-19,11,25,1040
3,2020-06-19,8,37,1010
4,2020-06-19,4,31,1023
5,2020-06-19,-7,99,1025
1,2020-06-20,-4,4,1029
2,2020-06-20,0,54,1011
3,2020-06-20,14,97,1028
4,2020-06-20,14,20,1036
5,2020-06-20,23,49,1025
1,2020-06-21,-2,34,1029
2,2020-06-21,-8,12,1016
3,2020-06-21,24,69,1012
4,2020-06-21,22,6,1022
5,2020-06-21,6,47,1026
1,2020-06-22,-7,3,1031
2,2020-06-22,-30,6,1010
3,2020-06-22,9,10,1019
4,2020-06-22,17,57,1011
5,2020-06-22,5,92,1021
1,2020-06-23,6,4,1026
2,2020-06-23,3,27,1025
3,2020-06-23,-7,76,1037
4,2020-06-23,12,19,1013
5,2020-06-23,25,91,1023
1,2020-06-24,22,37,1015
2,2020-06-24,12,55,1029
3,2020-06-24,-5,98,1027
4,2020-06-24,3,88,1022
5,2020-06-24,2,10,1015
1,2020-06-25,3,78,1028
2,2020-06-25,-9,57,1040
3,2020-06-25,-9,98,1015
4,2020-06-25,8,6,1012
5,2020-06-25,24,35,1031
1,2020-06-26,9,4,1014
2,2020-06-26,-31,52,1016
3,2020-06-26,-9,31,1019
4,2020-06-26,24,66,1011
5,2020-06-26,6,15,1013
1,2020-06-27,1,11,1031
2,2020-06-27,6,26,1016
3,2020-06-27,2,72,1014
4,2020-06-27,13,63,1035
5,2020-06-27,4,29,1013
1,2020-06-28,2,54,1014
2,2020-06-28,-2,22,1021
3,2020-06-28,23,39,1018
4,2020-06-28,24,23,1025
5,2020-06-28,4,19,1035
1,2020-06-29,10,75,1012
2,2020-06-29,-33,21,1017
3,2020-06-29,10,10,1027
4,2020-06-29,4,79,1016
5,2020-06-29,2,5,1011
1,2020-06-30,9,97,1014
2,2020-06-30,-32,50,1010
3,2020-06-30,1,72,1018
4,2020-06-30,12,57,1033
5,2020-06-30,18,72,1019
1,2020-07-01,24,12,1036
2,2020-07-01,-30,24,1015
3,2020-07-01,19,38,1037
4,2020-07-01,25,15,1024
5,2020-07-01,-10,25,1020
1,2020-07-02,22,98,1012
2,2020-07-02,-25,29,1034
3,2020-07-02,-7,16,1027
4,2020-07-02,12,15,1024
5,2020-07-02,12,48,1035
1,2020-07-03,-8,37,1012
2,2020-07-03,-18,32,1037
3,2020-07-03,-9,49,1025
4,2020-07-03,11,42,1040
5,2020-07-03,11,46,1037
1,2020-07-04,2,10,1034
2,2020-07-04,-27,55,1010
3,2020-07-04,18,12,1040
4,2020-07-04,3,49,1028
5,2020-07-04,6,45,1023
1,2020-07-05,-9,50,1015
2,2020-07-05,-15,50,1038
3,2020-07-05,-3,14,1022
4,2020-07-05,10,6,1028
5,2020-07-05,15,73,1035
1,2020-07-06,-4,34,1020
2,2020-07-06,6,37,1011
3,2020-07-06,4,75,1034
4,2020-07-06,24,19,1038
5,2020-07-06,-7,12,1038
1,2020-07-07,25,86,1021
2,2020-07-07,-29,22,1014
3,2020-07-07,-2,0,1027
4,2020-07-07,13,59,1021
5,2020-07-07,22,3,1018
1,2020-07-08,8,29,1032
2,2020-07-08,-3,33,1026
3,2020-07-08,4,20,1022
4,2020-07-08,11,38,1026
5,2020-07-08,25,13,1033
1,2020-07-09,-4,91,1012
2,2020-07-09,-4,53,1030
3,2020-07-09,11,100,1030
4,2020-07-09,7,60,1017
5,2020-07-09,20,88,1021
1,2020-07-10,4,64,1034
2,2020-07-10,-17,59,1031
3,2020-07-10,17,16,1029
4,2020-07-10,0,72,1030
5,2020-07-10,-1,45,1031
1,2020-07-11,4,56,1035
2,2020-07-11,-33,36,1029
3,2020-07-11,9,44,1025
4,2020-07-11,4,3,1024
5,2020-07-11,5,42,1024
1,2020-07-12,10,88,1013
2,2020-07-12,-21,19,1036
3,2020-07-12,12,37,1033
4,2020-07-12,13,62,1012
5,2020-07-12,6,41,1010
1,2020-07-13,-8,97,1038
2,2020-07-13,-26,39,1020
3,2020-07-13,17,61,1019
4,2020-07-13,22,54,1034
5,2020-07-13,23,12,1014
1,2020-07-14,12,56,1026
2,2020-07-14,-2,29,1022
3,2020-07-14,22,51,1016
4,2020-07-14,19,23,1016
5,2020-07-14,-1,14,1019
1,2020-07-15,8,0,1012
2,2020-07-15,-7,5,1032
3,2020-07-15,18,55,1027
4,2020-07-15,10,5,1015
5,2020-07-15,-10,90,1014
1,2020-07-16,-9,59,1019
2,2020-07-16,-6,14,1021
3,2020-07-16,-6,87,1032
4,2020-07-16,5,86,1037
5,2020-07-16,13,26,1030
1,2020-07-17,13,13,1031
2,2020-07-17,1,46,1037
3,2020-07-17,-8,6,1030
4,2020-07-17,30,36,1029
5,2020-07-17,11,49,1013
1,2020-07-18,23,66,1031
2,2020-07-18,-34,19,1029
3,2020-07-18,-1,84,1026
4,2020-07-18,2,41,1033
5,2020-07-18,17,30,1038
1,2020-07-19,-6,98,1025
2,2020-07-19,-28,14,1028
3,2020-07-19,15,92,1019
4,2020-07-19,7,62,1029
5,2020-07-19,2,53,1021
1,2020-07-20,19,99,1025
2,2020-07-20,-8,32,1013
3,2020-07-20,12,39,1035
4,2020-07-20,22,24,1024
5,2020-07-20,14,33,1018
1,2020-07-21,-8,21,1025
2,2020-07-21,8,39,1027
3,2020-07-21,13,56,1031
4,2020-07-21,3,19,1024
5,2020-07-21,-6,87,1020
1,2020-07-22,-7,58,1025
2,2020-07-22,-14,5,1012
3,2020-07-22,4,44,1031
4,2020-07-22,3,95,1033
5,2020-07-22,16,72,1015
1,2020-07-23,8,20,1023
2,2020-07-23,-4,13,1012
3,2020-07-23,20,81,1015
4,2020-07-23,12,12,1029
5,2020-07-23,-3,55,1040
1,2020-07-24,19,89,1027
2,2020-07-24,-19,37,1034
3,2020-07-24,-6,2,1020
4,2020-07-24,4,25,1015
5,2020-07-24,-4,69,1038
1,2020-07-25,7,30,1026
2,2020-07-25,15,46,1014
3,2020-07-25,12,90,1038
4,2020-07-25,19,51,1028
5,2020-07-25,-1,51,1037
1,2020-07-26,-4,56,1026
2,2020-07-26,4,43,1030
3,2020-07-26,-6,57,1017
4,2020-07-26,13,14,1019
5,2020-07-26,-10,18,1012
1,2020-07-27,13,47,1024
2,2020-07-27,9,54,1037
3,2020-07-27,14,72,1039
4,2020-07-27,13,26,1036
5,2020-07-27,14,10,1039
1,2020-07-28,-8,7,1014
2,2020-07-28,-14,46,1013
3,2020-07-28,10,30,1011
4,2020-07-28,2,76,1026
5,2020-07-28,-10,62,1011
1,2020-07-29,23,77,1034
2,2020-07-29,9,39,1012
3,2020-07-29,-7,41,1012
4,2020-07-29,29,68,1016
5,2020-07-29,16,13,1028
1,2020-07-30,0,39,1010
2,2020-07-30,-33,51,1032
3,2020-07-30,17,7,1016
4,2020-07-30,3,25,1020
5,2020-07-30,18,19,1027
1,2020-07-31,14,22,1011
2,2020-07-31,-7,2,1033
3,2020-07-31,-7,73,1029
4,2020-07-31,0,83,1039
5,2020-07-31,-2,92,1039
1,2020-08-01,2,69,1014
2,2020-08-01,11,50,1039
3,2020-08-01,0,78,1013
4,2020-08-01,19,41,1035
5,2020-08-01,-3,48,1026
1,2020-08-02,11,46,1013
2,2020-08-02,-11,9,1015
3,2020-08-02,7,46,1026
4,2020-08-02,10,68,1019
5,2020-08-02,-3,32,1025
1,2020-08-03,24,22,1035
2,2020-08-03,-14,31,1016
3,2020-08-03,4,62,1018
4,2020-08-03,23,98,1026
5,2020-08-03,7,92,1014
1,2020-08-04,-4,58,1017
2,2020-08-04,-9,13,1024
3,2020-08-04,-6,56,1012
4,2020-08-04,24,52,1020
5,2020-08-04,-6,50,1026
1,2020-08-05,1,48,1019
2,2020-08-05,-22,37,1010
3,2020-08-05,11,66,1029
4,2020-08-05,3,96,1036
5,2020-08-05,25,2,1020
1,2020-08-06,9,24,1029
2,2020-08-06,-1,23,1022
3,2020-08-06,25,97,1024
4,2020-08-06,6,19,1015
5,2020-08-06,-1,44,1017
1,2020-08-07,5,83,1039
2,2020-08-07,-34,42,1037
3,2020-08-07,24,71,1013
4,2020-08-07,4,74,1011
5,2020-08-07,17,18,1026
1,2020-08-08,19,96,1019
2,2020-08-08,-4,25,1010
3,2020-08-08,1,67,1038
4,2020-08-08,24,38,1010
5,2020-08-08,-6,47,1028
1,2020-08-09,-9,20,1031
2,2020-08-09,5,56,1026
3,2020-08-09,-2,65,1031
4,2020-08-09,18,24,1039
5,2020-08-09,19,49,1039
1,2020-08-10,23,42,1029
2,2020-08-10,-15,20,1016
3,2020-08-10,7,81,1027
4,2020-08-10,19,77,1016
5,2020-08-10,-6,77,1015
1,2020-08-11,15,16,1012
2,2020-08-11,-19,20,1014
3,2020-08-11,12,56,1040
4,2020-08-11,27,99,1029
5,2020-08-11,18,22,1011
1,2020-08-12,9,62,1037
2,2020-08-12,11,20,1037
3,2020-08-12,1,76,1032
4,2020-08-12,4,1,1030
5,2020-08-12,-10,61,1034
1,2020-08-13,-2,83,1020
2,2020-08-13,-28,34,1037
3,2020-08-13,-4,60,1029
4,2020-08-13,8,13,1036
5,2020-08-13,12,21,1034
1,2020-08-14,-6,26,1011
2,2020-08-14,-12,42,1037
3,2020-08-14,8,80,1017
4,2020-08-14,9,60,1016
5,2020-08-14,-7,89,1016
1,2020-08-15,-8,20,1034
2,2020-08-15,13,34,1024
3,2020-08-15,-1,15,1019
4,2020-08-15,30,36,1029
5,2020-08-15,5,54,1039
1,2020-08-16,-6,100,1025
2,2020-08-16,9,55,1038
3,2020-08-16,-9,100,1029
4,2020-08-16,10,36,1035
5,2020-08-16,15,32,1017
1,2020-08-17,-2,10,1023
2,2020-08-17,-14,7,1024
3,2020-08-17,3,100,1017
4,2020-08-17,5,67,1022
5,2020-08-17,7,24,1017
1,2020-08-18,23,64,1017
2,2020-08-18,1,20,1036
3,2020-08-18,-4,50,1029
4,2020-08-18,2,80,1019
5,2020-08-18,18,90,1015
1,2020-08-19,-10,89,1025
2,2020-08-19,-14,18,1016
3,2020-08-19,4,26,1014
4,2020-08-19,19,55,1011
5,2020-08-19,22,48,1010
1,2020-08-20,-6,87,1010
2,2020-08-20,2,28,1015
3,2020-08-20,-7,44,1019
4,2020-08-20,13,60,1036
5,2020-08-20,3,56,1014
1,2020-08-21,14,14,1025
2,2020-08-21,-10,35,1019
3,2020-08-21,1,80,1026
4,2020-08-21,19,10,1027
5,2020-08-21,21,84,1038
1,2020-08-22,24,3,1023
2,2020-08-22,-8,11,1014
3,2020-08-22,12,72,1037
4,2020-08-22,8,37,1027
5,2020-08-22,-5,11,1021
1,2020-08-23,1,86,1033
2,2020-08-23,4,43,1014
3,2020-08-23,18,44,1022
4,2020-08-23,4,100,1026
5,2020-08-23,-3,65,1040
1,2020-08-24,15,94,1014
2,2020-08-24,1,46,1032
3,2020-08-24,-5,79,1033
4,2020-08-24,22,94,1027
5,2020-08-24,10,32,1031
1,2020-08-25,11,86,1011
2,2020-08-25,6,41,1031
3,2020-08-25,8,46,1011
4,2020-08-25,30,47,1019
5,2020-08-25,16,1,1037
1,2020-08-26,3,32,1028
2,2020-08-26,-6,25,1039
3,2020-08-26,-9,80,1039
4,2020-08-26,4,47,1039
5,2020-08-26,5,3,1029
1,2020-08-27,13,98,1038
2,2020-08-27,-34,50,1013
3,2020-08-27,20,68,1018
4,2020-08-27,13,22,1020
5,2020-08-27,12,85,1020
1,2020-08-28,18,77,1010
2,2020-08-28,-13,15,1013
3,2020-08-28,-10,87,1027
4,2020-08-28,0,54,1021
5,2020-08-28,6,85,1032
1,2020-08-29,-4,64,1029
2,2020-08-29,-20,5,1040
3,2020-08-29,7,96,1038
4,2020-08-29,6,43,1018
5,2020-08-29,-1,3,1013
1,2020-08-30,5,79,1038
2,2020-08-30,-20,7,1020
3,2020-08-30,14,92,1039
4,2020-08-30,8,63,1030
5,2020-08-30,23,55,1012
1,2020-08-31,21,71,1034
2,2020-08-31,-30,17,1014
3,2020-08-31,24,15,1012
4,2020-08-31,16,78,1015
5,2020-08-31,23,46,1036
1,2020-09-01,15,26,1035
2,2020-09-01,-31,40,1014
3,2020-09-01,3,1,1011
4,2020-09-01,10,21,1033
5,2020-09-01,4,86,1024
1,2020-09-02,20,16,1022
2,2020-09-02,12,2,1022
3,2020-09-02,23,30,1018
4,2020-09-02,23,74,1037
5,2020-09-02,-5,72,1011
1,2020-09-03,11,45,1038
2,2020-09-03,7,6,1018
3,2020-09-03,15,25,1012
4,2020-09-03,18,54,1014
5,2020-09-03,1,14,1033
1,2020-09-04,0,22,1025
2,2020-09-04,-13,49,1035
3,2020-09-04,-9,74,1015
4,2020-09-04,30,16,1021
5,2020-09-04,15,28,1038
1,2020-09-05,7,1,1014
2,2020-09-05,-25,60,1019
3,2020-09-05,22,91,1036
4,2020-09-05,11,97,1012
5,2020-09-05,14,53,1028
1,2020-09-06,1,31,1034
2,2020-09-06,-30,3,1036
3,2020-09-06,-8,49,1012
4,2020-09-06,17,14,1040
5,2020-09-06,3,17,1013
1,2020-09-07,-5,25,1014
2,2020-09-07,-12,39,1031
3,2020-09-07,21,80,1021
4,2020-09-07,10,93,1026
5,2020-09-07,21,86,1035
1,2020-09-08,6,76,1011
2,2020-09-08,13,40,1027
3,2020-09-08,25,63,1027
4,2020-09-08,19,73,1017
5,2020-09-08,-3,39,1017
1,2020-09-09,20,29,1039
2,2020-09-09,0,21,1023
3,2020-09-09,-10,24,1035
4,2020-09-09,9,70,1023
5,2020-09-09,23,2,1034
1,2020-09-10,25,19,1021
2,2020-09-10,-21,25,1010
3,2020-09-10,9,56,1027
4,2020-09-10,11,87,1038
5,2020-09-10,-10,73,1015
1,2020-09-11,-3,88,1039
2,2020-09-11,-25,37,1036
3,2020-09-11,-9,93,1028
4,2020-09-11,15,72,1024
5,2020-09-11,9,24,1021
1,2020-09-12,12,12,1035
2,2020-09-12,-24,7,1010
3,2020-09-12,4,95,1011
4,2020-09-12,8,97,1035
5,2020-09-12,4,32,1032
1,2020-09-13,0,28,1016
2,2020-09-13,-27,10,1027
3,2020-09-13,-5,54,1028
4,2020-09-13,1,72,1016
5,2020-09-13,14,9,1037
1,2020-09-14,1,2,1011
2,2020-09-14,14,42,1014
3,2020-09-14,-7,17,1019
4,2020-09-14,7,37,1031
5,2020-09-14,17,26,1032
1,2020-09-15,8,50,1013
2,2020-09-15,-4,1,1018
3,2020-09-15,-5,89,1016
4,2020-09-15,1,85,1029
5,2020-09-15,19,57,1020
1,2020-09-16,5,28,1012
2,2020-09-16,2,29,1032
3,2020-09-16,22,89,1011
4,2020-09-16,14,4,1030
5,2020-09-16,25,27,1029
1,2020-09-17,3,95,1017
2,2020-09-17,4,36,1015
3,2020-09-17,-1,46,1027
4,2020-09-17,22,8,1018
5,2020-09-17,3,47,1039
1,2020-09-18,25,58,1034
2,2020-09-18,3,2,1015
3,2020-09-18,-2,41,1015
4,2020-09-18,24,45,1030
5,2020-09-18,3,94,1012
1,2020-09-19,2,82,1019
2,2020-09-19,15,37,1035
3,2020-09-19,-3,54,1023
4,2020-09-19,16,42,1015
5,2020-09-19,16,96,1011
1,2020-09-20,-1,36,1036
2,2020-09-20,9,56,1023
3,2020-09-20,20,52,1033
4,2020-09-20,2,18,1038
5,2020-09-20,24,21,1035
1,2020-09-21,23,68,1039
2,2020-09-21,11,42,1039
3,2020-09-21,24,18,1015
4,2020-09-21,14,6,1027
5,2020-09-21,25,21,1036
1,2020-09-22,2,16,1018
2,2020-09-22,-11,1,1019
3,2020-09-22,6,64,1021
4,2020-09-22,30,16,1021
5,2020-09-22,22,55,1024
1,2020-09-23,2,58,1023
2,2020-09-23,12,47,1024
3,2020-09-23,-2,62,1039
4,2020-09-23,23,30,1040
5,2020-09-23,-2,60,1034
1,2020-09-24,13,37,1011
2,2020-09-24,-9,11,1022
3,2020-09-24,-4,61,1014
4,2020-09-24,21,5,1033
5,2020-09-24,2,54,1037
1,2020-09-25,21,72,1014
2,2020-09-25,-33,51,1037
3,2020-09-25,7,38,1012
4,2020-09-25,17,34,1010
5,2020-09-25,18,47,1037
1,2020-09-26,12,93,1017
2,2020-09-26,7,56,1020
3,2020-09-26,16,15,1015
4,2020-09-26,21,84,1026
5,2020-09-26,-6,91,1016
1,2020-09-27,17,3,1032
2,2020-09-27,-35,18,1030
3,2020-09-27,-1,32,1010
4,2020-09-27,27,54,1028
5,2020-09-27,16,48,1026
1,2020-09-28,1,98,1035
2,2020-09-28,-17,12,1027
3,2020-09-28,20,73,1011
4,2020-09-28,23,94,1016
5,2020-09-28,-7,44,1026
1,2020-09-29,22,87,1016
2,2020-09-29,-18,33,1022
3,2020-09-29,0,52,1022
4,2020-09-29,22,65,1015
5,2020-09-29,17,6,1026
1,2020-09-30,-2,92,1020
2,2020-09-30,4,60,1020
3,2020-09-30,13,51,1018
4,2020-09-30,30,57,1011
5,2020-09-30,-6,29,1035
1,2020-10-01,12,65,1034
2,2020-10-01,-1,46,1033
3,2020-10-01,0,85,1011
4,2020-10-01,1,33,1030
5,2020-10-01,10,71,1012
1,2020-10-02,-9,79,1013
2,2020-10-02,12,34,1032
3,2020-10-02,4,72,1021
4,2020-10-02,29,18,1019
5,2020-10-02,3,22,1040
1,2020-10-03,-9,86,1023
2,2020-10-03,-16,52,1015
3,2020-10-03,24,95,1027
4,2020-10-03,21,46,1015
5,2020-10-03,-4,96,1015
1,2020-10-04,7,44,1024
2,2020-10-04,-22,8,1028
3,2020-10-04,-9,28,1031
4,2020-10-04,1,11,1011
5,2020-10-04,-1,93,1037
1,2020-10-05,3,15,1017
2,2020-10-05,-12,55,1012
3,2020-10-05,-2,80,1011
4,2020-10-05,29,47,1023
5,2020-10-05,12,65,1027
1,2020-10-06,10,54,1036
2,2020-10-06,7,59,1031
3,2020-10-06,-3,79,1026
4,2020-10-06,23,100,1013
5,2020-10-06,2,60,1024
1,2020-10-07,-9,19,1035
2,2020-10-07,-9,47,1015
3,2020-10-07,-5,28,1039
4,2020-10-07,14,34,1034
5,2020-10-07,5,11,1025
1,2020-10-08,15,18,1028
2,2020-10-08,-33,11,1032
3,2020-10-08,-3,92,1015
4,2020-10-08,5,87,1021
5,2020-10-08,5,92,1028
1,2020-10-09,13,90,1029
2,2020-10-09,-27,12,1029
3,2020-10-09,1,61,1036
4,2020-10-09,25,77,1025
5,2020-10-09,5,95,1022
1,2020-10-10,20,69,1024
2,2020-10-10,-23,38,1028
3,2020-10-10,9,16,1021
4,2020-10-10,19,54,1013
5,2020-10-10,5,47,1033
1,2020-10-11,16,94,1029
2,2020-10-11,-27,40,1024
3,2020-10-11,14,43,1014
4,2020-10-11,19,96,1030
5,2020-10-11,4,26,1023
1,2020-10-12,6,47,1035
2,2020-10-12,-21,17,1026
3,2020-10-12,1,51,1011
4,2020-10-12,26,36,1016
5,2020-10-12,-9,9,1019
1,2020-10-13,15,40,1037
2,2020-10-13,-31,53,1028
3,2020-10-13,12,46,1032
4,2020-10-13,12,82,1012
5,2020-10-13,5,78,1036
1,2020-10-14,1,64,1019
2,2020-10-14,-28,9,1035
3,2020-10-14,20,21,1022
4,2020-10-14,24,27,1040
5,2020-10-14,7,2,1010
1,2020-10-15,15,17,1016
2,2020-10-15,-34,10,1027
3,2020-10-15,4,76,1019
4,2020-10-15,28,87,1039
5,2020-10-15,-7,29,1040
1,2020-10-16,-2,71,1023
2,2020-10-16,15,37,1012
3,2020-10-16,16,3,1035
4,2020-10-16,27,29,1021
5,2020-10-16,-7,50,1033
1,2020-10-17,1,44,1019
2,2020-10-17,2,31,1019
3,2020-10-17,23,22,1020
4,2020-10-17,9,6,1039
5,2020-10-17,4,92,1026
1,2020-10-18,10,35,1037
2,2020-10-18,-34,15,1035
3,2020-10-18,-8,70,1037
4,2020-10-18,16,85,1036
5,2020-10-18,-8,88,1040
1,2020-10-19,12,31,1025
2,2020-10-19,-3,49,1033
3,2020-10-19,20,67,1030
4,2020-10-19,20,100,1038
5,2020-10-19,1,30,1035
1,2020-10-20,1,40,1020
2,2020-10-20,6,45,1025
3,2020-10-20,-6,95,1012
4,2020-10-20,23,78,1030
5,2020-10-20,3,17,1039
1,2020-10-21,-2,27,1014
2,2020-10-21,-16,23,1020
3,2020-10-21,-6,65,1020
4,2020-10-21,6,36,1023
5,2020-10-21,20,89,1022
1,2020-10-22,5,31,1040
2,2020-10-22,8,6,1040
3,2020-10-22,3,7,1025
4,2020-10-22,12,2,1022
5,2020-10-22,-9,31,1034
1,2020-10-23,10,74,1023
2,2020-10-23,14,48,1018
3,2020-10-23,-9,53,1036
4,2020-10-23,11,29,1028
5,2020-10-23,16,50,1038
1,2020-10-24,10,92,1011
2,2020-10-24,-2,36,1013
3,2020-10-24,14,12,1010
4,2020-10-24,24,88,1040
5,2020-10-24,21,1,1024
1,2020-10-25,22,35,1038
2,2020-10-25,-34,34,1024
3,2020-10-25,-7,31,1030
4,2020-10-25,13,68,1038
5,2020-10-25,21,61,1016
1,2020-10-26,19,7,1024
2,2020-10-26,3,31,1014
3,2020-10-26,22,32,1024
4,2020-10-26,10,34,1037
5,2020-10-26,10,46,1021
1,2020-10-27,-3,21,1027
2,2020-10-27,-17,6,1011
3,2020-10-27,10,2,1021
4,2020-10-27,21,93,1019
5,2020-10-27,-6,56,1024
1,2020-10-28,23,18,1031
2,2020-10-28,-30,26,1012
3,2020-10-28,-10,27,1020
4,2020-10-28,16,10,1024
5,2020-10-28,3,41,1012
1,2020-10-29,9,31,1010
2,2020-10-29,-23,5,1012
3,2020-10-29,22,40,1023
4,2020-10-29,0,45,1015
5,2020-10-29,2,88,1022
1,2020-10-30,13,23,1035
2,2020-10-30,-32,12,1033
3,2020-10-30,4,2,1039
4,2020-10-30,29,66,1030
5,2020-10-30,0,2,1031
1,2020-10-31,4,94,1037
2,2020-10-31,-35,32,1027
3,2020-10-31,-8,51,1018
4,2020-10-31,7,40,1020
5,2020-10-31,14,84,1024
